time,herbivores,carnivores,plants,corpses,mean_energy,stddev_energy,min_energy,max_energy,biomass_producers,biomass_consumers,biomass_corpses,biomass_soil,energy_hunting,energy_scavenging,energy_total_transfer,deaths_starvation,deaths_predation
0.983,80,20,500,0,498.679,494.234,47.571,2419.730,4286.466,49867.908,0.000,83695.402,0.781,0.000,0.000,0,0
1.983,80,20,500,0,497.481,494.122,46.082,2417.683,4843.347,49748.102,0.000,85470.803,2.380,0.000,0.000,0,0
2.983,80,20,500,0,496.267,494.020,44.620,2416.044,5261.733,49626.749,0.000,87246.205,4.029,0.000,0.000,0,0
3.983,80,20,500,0,495.045,493.929,43.157,2414.426,5549.256,49504.546,0.000,89021.563,4.029,0.000,0.000,0,0
4.983,80,20,500,0,493.825,493.831,41.677,2412.805,5723.309,49382.523,0.000,90661.708,4.029,0.000,0.000,0,0
5.983,80,20,500,0,492.593,493.767,40.137,2411.177,5805.643,49259.263,0.000,92267.728,5.942,0.000,0.000,0,0
6.983,80,20,500,0,491.369,493.681,38.588,2409.557,5823.082,49136.859,0.000,93873.238,5.942,0.000,0.000,0,0
7.983,80,20,500,0,490.144,493.596,37.040,2407.937,5825.297,49014.426,0.000,95478.445,5.942,0.000,0.000,0,0
8.983,80,20,500,0,488.923,493.503,35.488,2406.299,5826.031,48892.312,0.000,97083.253,6.473,0.000,0.167,0,0
9.983,80,20,500,0,487.715,493.407,33.965,2404.676,5826.483,48771.483,0.000,98687.599,6.473,0.000,0.000,0,0
10.983,80,20,500,0,486.504,493.310,32.416,2403.039,5826.317,48650.397,0.000,100291.424,6.473,0.000,0.000,0,0
11.983,80,20,500,0,485.287,493.219,30.413,2401.416,5826.317,48528.679,0.000,101894.699,6.473,0.000,0.000,0,0
12.983,80,20,500,0,484.067,493.136,28.245,2399.793,5826.200,48406.746,0.000,103497.366,6.473,0.000,0.000,0,0
13.983,80,20,500,0,482.850,493.054,26.075,2398.155,5826.067,48284.965,0.000,105099.327,6.473,0.000,0.000,0,0
14.983,80,20,500,0,481.625,492.974,23.906,2396.532,5825.900,48162.523,0.000,106700.621,6.473,0.000,0.000,0,0
15.983,80,20,500,0,480.410,492.894,21.740,2394.909,5825.600,48040.989,0.000,108301.104,6.473,0.000,0.000,0,0
16.983,80,20,500,0,479.189,492.817,19.575,2393.271,5825.483,47918.885,0.000,109900.781,6.473,0.000,0.167,0,0
17.983,80,20,526,0,477.971,492.744,17.412,2391.648,5871.723,47797.131,0.000,111499.597,6.473,0.000,0.000,0,0
18.983,80,20,526,0,476.739,492.675,15.249,2390.010,6002.756,47673.902,0.000,113097.494,6.473,0.000,0.000,0,0
19.983,80,20,620,0,475.514,492.602,13.061,2388.386,6365.210,47551.385,0.000,114694.418,6.473,0.000,0.167,0,0
20.983,80,20,620,0,474.299,492.526,10.901,2386.763,6759.144,47429.861,0.000,116290.326,6.473,0.000,0.000,0,0
21.983,80,20,629,0,473.087,492.448,8.740,2385.125,7131.911,47308.745,0.000,117885.169,6.473,0.000,0.000,0,0
22.983,80,20,629,0,471.878,492.363,6.579,2383.502,7456.362,47187.754,0.000,119478.882,7.998,0.000,0.000,0,0
23.983,80,20,629,0,470.669,492.288,4.418,2381.878,7671.144,47066.938,0.000,121071.417,7.998,0.000,0.000,0,0
24.983,80,20,647,0,469.454,492.223,2.258,2380.240,7732.053,46945.354,0.000,122662.734,7.998,0.000,0.000,0,0
25.983,80,20,647,0,468.245,492.154,0.100,2378.616,7814.020,46824.471,0.000,124252.802,7.998,0.000,0.000,0,0
26.983,79,19,647,2,476.606,492.460,7.407,2376.978,7895.986,46707.387,55.941,125841.534,7.998,0.000,0.000,2,0
27.983,79,19,647,2,475.424,492.370,5.718,2375.355,7977.436,46591.560,55.941,127428.898,7.998,0.000,0.000,2,0
28.983,79,19,647,2,474.233,492.286,4.027,2373.731,8023.622,46474.876,55.941,129014.848,7.998,0.000,0.000,2,0
29.983,79,19,647,2,473.043,492.200,2.350,2372.093,8057.396,46358.219,55.941,130599.335,7.998,0.000,0.000,2,0
30.983,79,19,647,2,471.856,492.118,0.617,2370.470,8089.129,46241.849,55.941,132182.292,7.998,0.000,0.000,2,0
31.983,78,19,647,3,475.539,492.219,0.008,2368.847,8120.696,46127.300,82.775,133763.695,7.998,0.000,0.000,3,0
32.983,77,19,647,4,479.307,492.275,6.674,2367.210,8153.047,46013.430,107.321,135343.437,7.998,0.000,0.000,4,0
33.983,77,19,647,4,478.127,492.190,4.877,2365.588,8172.348,45900.183,107.321,136921.564,7.998,0.000,0.000,4,0
34.983,77,19,647,4,476.939,492.111,3.188,2363.954,8181.837,45786.161,107.321,138497.985,7.998,0.000,0.000,4,0
35.983,77,19,679,4,475.750,492.032,1.374,2362.335,8246.874,45672.005,107.321,140072.662,7.998,0.000,0.000,4,0
36.983,77,18,679,5,479.559,492.104,4.447,2360.715,8407.295,45558.137,138.010,141645.539,7.998,0.000,0.000,5,0
37.983,77,18,726,5,478.374,492.023,2.834,2359.081,8611.411,45445.536,138.010,143216.551,7.998,0.000,0.000,5,0
38.983,77,18,726,5,477.190,491.941,1.225,2357.466,8925.340,45333.041,138.010,144785.646,7.998,0.000,0.000,5,0
39.983,76,18,802,6,481.076,491.995,2.062,2355.846,9342.066,45221.129,169.347,146352.781,7.998,0.000,0.000,6,0
40.983,76,18,802,6,479.893,491.908,0.945,2354.212,9734.869,45109.929,169.347,147917.919,7.998,0.000,0.000,6,0
41.983,75,17,802,8,489.126,491.988,5.467,2352.594,10077.278,44999.600,253.215,149481.014,7.998,0.000,0.000,8,0
42.983,75,17,802,8,487.960,491.883,4.207,2350.965,10322.215,44892.293,253.215,151042.034,7.998,0.000,0.000,8,0
43.983,75,17,812,8,486.792,491.785,2.946,2349.347,10482.577,44784.859,253.215,152600.931,7.998,0.000,0.000,8,0
44.983,75,17,812,8,485.622,491.687,1.686,2347.729,10559.266,44677.206,253.215,154157.655,7.998,0.000,0.000,8,0
45.983,75,17,812,8,484.447,491.591,0.426,2346.100,10599.266,44569.112,253.215,155712.100,7.998,0.000,0.000,8,0
46.983,74,17,812,9,488.608,491.541,1.654,2344.483,10624.266,44463.336,282.052,157264.321,7.998,0.000,0.000,9,0
47.983,74,17,812,9,487.451,491.441,0.569,2342.866,10644.266,44358.038,282.052,158814.202,7.998,0.000,0.000,9,0
48.983,72,17,812,11,497.227,491.322,2.527,2341.234,10664.266,44253.235,338.499,160361.721,7.998,0.000,0.000,11,0
49.983,72,17,835,11,496.061,491.224,1.357,2339.618,10680.464,44149.387,338.499,161906.825,7.998,0.000,0.000,11,0
50.983,68,32,835,11,467.381,362.921,54.044,1673.788,10767.309,46738.113,338.499,163449.501,8.504,0.000,0.500,11,0
51.983,68,32,835,11,466.134,362.842,53.122,1672.951,10848.298,46613.429,338.499,164989.632,8.921,0.000,0.333,11,0
52.983,68,32,835,11,464.865,362.787,52.205,1672.078,10929.706,46486.524,338.499,166527.270,11.335,0.000,0.167,11,0
53.983,68,32,884,11,463.569,362.803,51.288,1671.189,11069.352,46356.950,338.499,168062.334,16.970,0.000,0.167,11,0
54.983,68,32,884,11,462.255,362.749,50.374,1670.309,11353.844,46225.543,338.499,169594.726,16.970,0.000,0.167,11,0
55.983,68,32,941,11,460.950,362.683,49.458,1669.430,11673.581,46094.998,338.332,171124.445,16.970,0.167,0.000,11,0
56.983,68,32,941,11,459.634,362.603,49.296,1668.540,12117.818,45963.399,338.332,172651.456,18.900,0.167,0.271,11,0
57.983,68,32,968,11,458.308,362.541,48.706,1667.661,12491.386,45830.790,337.999,174175.715,19.786,0.500,0.000,11,0
58.983,68,32,968,11,456.958,362.498,47.944,1666.783,12815.652,45695.791,337.999,175697.181,19.786,0.500,0.000,11,0
59.983,68,32,1035,11,455.618,362.458,46.692,1665.894,13202.449,45561.832,337.999,177215.809,20.229,0.500,0.000,11,0
60.983,68,32,1035,11,454.290,362.395,45.236,1665.016,13532.638,45428.969,337.999,178731.548,20.229,0.500,0.167,11,0
61.983,68,32,1035,11,452.970,362.328,43.781,1664.137,13809.115,45296.963,337.999,180244.348,20.229,0.500,0.000,11,0
62.983,68,32,1036,11,451.648,362.262,42.326,1663.278,14023.355,45164.769,337.999,181754.182,20.229,0.500,0.000,11,0
63.983,68,32,1036,11,450.321,362.210,40.871,1662.446,14156.746,45032.065,337.999,183261.030,20.229,0.500,0.000,11,0
64.983,68,32,1036,11,448.991,362.178,39.383,1661.608,14191.610,44899.084,337.999,184764.833,20.229,0.500,0.099,11,0
65.983,68,32,1056,11,447.664,362.152,37.928,1660.769,14223.294,44766.391,337.999,186265.550,20.229,0.500,0.167,11,0
66.983,68,32,1056,11,446.328,362.132,36.474,1659.946,14308.678,44632.824,337.999,187763.097,20.648,0.500,0.333,11,0
67.983,68,32,1056,11,445.011,362.108,35.020,1659.122,14392.011,44501.124,337.999,189257.496,20.648,0.500,0.333,11,0
68.983,68,32,1056,11,443.691,362.093,33.566,1658.287,14444.061,44369.141,337.999,190748.717,20.648,0.500,0.667,11,0
69.983,68,32,1056,11,442.371,362.082,32.079,1657.454,14486.028,44237.111,337.999,192236.640,20.648,0.500,0.000,11,0
