time,genome_id,f0,f1,f2,f3,f4,f5,f6,f7,f8,f9,f10,f11,f12,f13,f14,f15
60.0000,12746801301995054577,0.0841,0.0626,0.0000,0.1224,0.0000,0.1141,0.0970,0.1895,0.5000,0.5000,0.6478,0.4219,0.3341,0.0000,0.3694,0.1250
60.0000,4881974221572093543,0.0398,0.0000,0.0000,0.0727,0.0000,0.0439,0.0410,0.4000,0.1613,0.5000,0.2350,0.5983,0.2548,0.0000,0.4402,0.1132
60.0000,141822649446896919,0.1397,0.0000,0.0000,0.1268,0.0000,0.1961,0.1663,0.4000,0.1613,0.5000,0.5438,0.8267,0.7023,0.0000,0.3772,0.2206
60.0000,18120575903326298459,0.0298,0.0933,0.0796,0.0791,0.0000,0.0823,0.0759,0.1895,0.5000,0.5000,0.7795,0.7356,0.4607,0.0000,0.3904,0.1350
60.0000,10521698507488661895,0.0298,0.0933,0.0796,0.0791,0.0000,0.0267,0.0203,0.1895,0.5000,0.5000,0.7497,0.6862,0.5485,0.0000,0.3904,0.0403
60.0000,3874788187419413431,0.0705,0.0821,0.0743,0.1278,0.5000,0.0716,0.0569,0.4000,0.1613,0.5000,0.0614,0.5671,0.1488,0.0000,0.4129,0.1132
60.0000,8248320483160629115,0.0770,0.0000,0.0000,0.0767,0.0000,0.0265,0.0177,0.4000,0.1613,0.5000,0.8137,0.5585,0.5345,0.0000,0.4087,0.0394
60.0000,4819161734889162390,0.1314,0.0000,0.0000,0.0843,0.5000,0.0808,0.0618,0.4000,0.1613,0.5000,0.7474,0.3733,0.0749,0.0000,0.3586,0.1241
60.0000,15751627833099464539,0.0705,0.0821,0.0743,0.1278,0.5000,0.1246,0.1099,0.4000,0.1613,0.5000,0.1280,0.6882,0.2616,0.0000,0.4129,0.2088
60.0000,6566723599816764189,0.0298,0.0933,0.0796,0.0791,0.0000,0.0205,0.0141,0.1895,0.5000,0.5000,0.7357,0.7008,0.4630,0.0000,0.3904,0.0285
60.0000,17958798488811715021,0.0487,0.0502,0.0548,0.1428,0.0000,0.2174,0.2065,0.4000,0.1613,0.5000,0.2235,0.1161,0.7079,0.0000,0.3532,0.2215
60.0000,7482193527161525024,0.0487,0.0502,0.0548,0.1351,0.0000,0.2207,0.2102,0.4000,0.1613,0.5000,0.2179,0.1298,0.6460,0.0000,0.3532,0.2215
60.0000,16436599492441090657,0.1262,0.0000,0.0000,0.1196,0.5000,0.2959,0.2703,0.1895,0.5000,0.5000,0.2174,0.8205,0.0862,0.0000,0.4416,0.3062
60.0000,7112722155299629156,0.0690,0.0000,0.0000,0.1485,0.0000,0.1649,0.1509,0.1895,0.5000,0.5000,0.7795,0.3342,0.5704,0.0000,0.4156,0.2215
60.0000,16786423991736932167,0.0208,0.0929,0.0326,0.1279,0.5000,0.1992,0.1707,0.4000,0.1613,0.5000,0.7935,0.1270,0.1264,0.0000,0.3643,0.2088
60.0000,9078620139640255494,0.0908,0.0000,0.0000,0.0555,0.0000,0.1823,0.1615,0.4000,0.1613,0.5000,0.8188,0.8859,0.3809,0.0000,0.3776,0.2097
60.0000,1352911447258717464,0.0202,0.2041,0.0000,0.1271,0.0000,0.1106,0.1030,0.4000,0.1613,0.5000,0.3650,0.6517,0.2279,0.0000,0.4018,0.1359
60.0000,4825454550508017032,0.0208,0.0929,0.0326,0.1279,0.5000,0.1636,0.1352,0.4000,0.1613,0.5000,0.9297,0.1605,0.2046,0.0000,0.3643,0.2197
60.0000,352805853721840341,0.0690,0.0000,0.0000,0.1485,0.0000,0.1688,0.1548,0.1895,0.5000,0.5000,0.9001,0.4882,0.5865,0.0000,0.4156,0.2206
60.0000,9179766820855324388,0.0705,0.0821,0.0743,0.1278,0.5000,0.0764,0.0618,0.4000,0.1613,0.5000,0.2494,0.6923,0.2117,0.0000,0.4129,0.1250
60.0000,13066515571996248122,0.0639,0.0838,0.0704,0.0713,0.0000,0.1274,0.1132,0.1895,0.5000,0.5000,0.7058,0.3363,0.2755,0.0000,0.4286,0.1250
60.0000,2871554378175678650,0.0861,0.1367,0.0000,0.0661,0.0000,0.2049,0.1881,0.4000,0.1613,0.5000,0.5271,0.8298,0.8504,0.0000,0.3506,0.2215
60.0000,6174375308722586152,0.0340,0.1878,0.0000,0.0346,0.0000,0.0585,0.0546,0.4000,0.1613,0.5000,0.5702,0.5240,0.3511,0.0000,0.4325,0.1132
60.0000,7035243144576713294,0.0705,0.0821,0.0743,0.1278,0.5000,0.1793,0.1647,0.4000,0.1613,0.5000,0.1962,0.6533,0.1366,0.0000,0.4129,0.2088
60.0000,18250519971336243412,0.0340,0.1878,0.0000,0.0346,0.0000,0.1757,0.1718,0.4000,0.1613,0.5000,0.5645,0.5343,0.2793,0.0000,0.4325,0.2197
60.0000,12591854419142995669,0.0690,0.0000,0.0000,0.1485,0.0000,0.2245,0.2106,0.1895,0.5000,0.5000,0.9740,0.3281,0.5476,0.0000,0.4156,0.2206
60.0000,7766538202907104195,0.1397,0.0000,0.0000,0.1268,0.0000,0.1433,0.1135,0.4000,0.1613,0.5000,0.4779,0.8354,0.7025,0.0000,0.3772,0.1250
60.0000,17394865196644710845,0.0330,0.0000,0.0000,0.0694,0.5000,0.1195,0.1166,0.1895,0.5000,0.5000,0.9170,0.0901,0.0687,0.0000,0.3926,0.1250
60.0000,11544017260763422468,0.0340,0.1878,0.0000,0.0346,0.0000,0.0585,0.0546,0.4000,0.1613,0.5000,0.5536,0.6163,0.2330,0.0000,0.4325,0.1132
60.0000,16398808283122196086,0.0705,0.0821,0.0743,0.1278,0.5000,0.0914,0.0768,0.4000,0.1613,0.5000,0.1850,0.6631,0.1422,0.0000,0.4129,0.1368
60.0000,5997399367599108588,0.0507,0.0000,0.0000,0.0877,0.0000,0.0227,0.0152,0.1895,0.5000,0.5000,0.5512,0.5482,0.0962,0.0000,0.4095,0.0403
60.0000,2994518356802114516,0.0972,0.2223,0.0000,0.1092,0.0000,0.0912,0.0545,0.1895,0.5000,0.5000,0.8315,0.2673,0.3213,0.0000,0.4186,0.1241
60.0000,12476379856100494902,0.0211,0.1765,0.0000,0.1586,0.0000,0.0930,0.0695,0.4000,0.1613,0.5000,0.4620,0.6145,0.0684,0.0000,0.3523,0.1350
60.0000,8784935590451291964,0.0705,0.0821,0.0743,0.1278,0.5000,0.0716,0.0569,0.4000,0.1613,0.5000,0.1733,0.7383,0.0720,0.0000,0.4129,0.1132
60.0000,17956398455447230034,0.0279,0.2358,0.0000,0.1102,0.0000,0.0836,0.0768,0.1895,0.5000,0.5000,0.2091,0.6534,0.3798,0.0000,0.3923,0.1368
60.0000,16987285649723215094,0.0908,0.0000,0.0000,0.0555,0.0000,0.1785,0.1576,0.4000,0.1613,0.5000,0.8072,0.7565,0.4468,0.0000,0.3776,0.2097
60.0000,4195892909269590630,0.0929,0.0000,0.0000,0.1366,0.0000,0.2332,0.2206,0.4000,0.1613,0.5000,0.8285,0.4569,0.3978,0.0000,0.4458,0.2215
60.0000,18008095628694403119,0.0861,0.1367,0.0000,0.0661,0.0000,0.2500,0.2332,0.4000,0.1613,0.5000,0.4729,0.7547,0.7705,0.0000,0.3506,0.3062
60.0000,11505336444399033934,0.0841,0.0000,0.0000,0.0476,0.5000,0.0370,0.0315,0.1895,0.5000,0.5000,0.5306,0.1749,0.7628,0.0000,0.3858,0.0522
60.0000,2155553750466115307,0.0908,0.0000,0.0000,0.0555,0.0000,0.2619,0.2410,0.4000,0.1613,0.5000,0.7818,0.8967,0.5628,0.0000,0.3776,0.3062
60.0000,13635694748777492521,0.0480,0.1103,0.0416,0.1177,0.0000,0.1052,0.0954,0.4000,0.1613,0.5000,0.5643,0.6773,0.4259,0.0000,0.4479,0.1368
60.0000,13742414790205096545,0.0972,0.2223,0.0000,0.1092,0.0000,0.0912,0.0545,0.1895,0.5000,0.5000,0.8854,0.2742,0.2857,0.0000,0.4186,0.1241
60.0000,14511019579661999612,0.0841,0.0626,0.0000,0.1228,0.5000,0.0416,0.0245,0.1895,0.5000,0.5000,0.7013,0.3623,0.3163,0.0000,0.3694,0.0504
60.0000,17276081402645712423,0.0841,0.0626,0.0000,0.1224,0.0000,0.0271,0.0101,0.1895,0.5000,0.5000,0.7325,0.3971,0.3639,0.0000,0.3694,0.0285
60.0000,8644066142010575678,0.0690,0.0000,0.0000,0.1485,0.0000,0.1688,0.1548,0.1895,0.5000,0.5000,0.8845,0.3945,0.6279,0.0000,0.4156,0.2206
60.0000,11277311446747027533,0.0989,0.1133,0.0000,0.0829,0.0000,0.1254,0.1034,0.1895,0.5000,0.5000,0.5671,0.7537,0.4080,0.0000,0.3784,0.1250
60.0000,17624217664554316359,0.0480,0.1103,0.0416,0.1177,0.0000,0.1052,0.0954,0.4000,0.1613,0.5000,0.6099,0.7436,0.3681,0.0000,0.4479,0.1368
60.0000,13357850930277346928,0.0310,0.0000,0.0000,0.1477,0.0000,0.1122,0.1093,0.4000,0.1613,0.5000,0.7767,0.5760,0.3123,0.0000,0.4381,0.2215
60.0000,5569228393464397759,0.0861,0.1367,0.0000,0.0661,0.0000,0.2040,0.1871,0.4000,0.1613,0.5000,0.5992,0.7192,0.7641,0.0000,0.3506,0.2197
60.0000,10506920614352794786,0.0439,0.1077,0.0361,0.0330,0.0000,0.0215,0.0181,0.1895,0.5000,0.5000,0.6461,0.6634,0.5128,0.0000,0.3852,0.0403
60.0000,15577457156805844142,0.0270,0.0000,0.0000,0.0420,0.5000,0.1183,0.1049,0.1895,0.5000,0.5000,0.3113,0.1099,0.6413,0.0000,0.4049,0.1368
60.0000,5051986735650898850,0.0270,0.0000,0.0000,0.0420,0.5000,0.1914,0.1780,0.1895,0.5000,0.5000,0.2834,0.1155,0.7025,0.0000,0.4049,0.2206
60.0000,4983236798599409267,0.0770,0.0000,0.0000,0.0767,0.0000,0.1730,0.1642,0.4000,0.1613,0.5000,0.8328,0.5737,0.5531,0.0000,0.4087,0.2197
60.0000,10317414026223131294,0.0530,0.0341,0.0635,0.0578,0.0000,0.1892,0.1662,0.4000,0.1613,0.5000,0.3845,0.7121,0.4111,0.0000,0.3502,0.2088
60.0000,9766497791412630402,0.1314,0.0000,0.0000,0.0843,0.5000,0.0757,0.0567,0.4000,0.1613,0.5000,0.7690,0.3035,0.2008,0.0000,0.3586,0.1132
60.0000,11716993873663408916,0.0286,0.0804,0.0776,0.1414,0.0000,0.0238,0.0158,0.1895,0.5000,0.5000,0.2741,0.4389,0.1533,0.0000,0.3856,0.0285
60.0000,9974958931573818121,0.0270,0.0000,0.0000,0.0420,0.0000,0.0367,0.0233,0.1895,0.5000,0.5000,0.2609,0.1382,0.6654,0.0000,0.4049,0.0504
60.0000,18347678696791023134,0.0202,0.2041,0.0000,0.1271,0.0000,0.1628,0.1553,0.4000,0.1613,0.5000,0.4440,0.7281,0.2590,0.0000,0.4018,0.2215
60.0000,17778360513094239162,0.0705,0.0821,0.0743,0.1278,0.5000,0.0989,0.0843,0.4000,0.1613,0.5000,0.2051,0.6853,0.2245,0.0000,0.4129,0.1132
60.0000,3316187175944970781,0.0861,0.1367,0.0000,0.0661,0.0000,0.2049,0.1881,0.4000,0.1613,0.5000,0.6298,0.7532,0.8509,0.0000,0.3506,0.2215
60.0000,14122176586897915794,0.1075,0.0000,0.0000,0.0446,0.5000,0.0351,0.0231,0.4000,0.1613,0.5000,0.2855,0.7738,0.4271,0.0000,0.4176,0.0513
60.0000,12956953868269456522,0.0330,0.0000,0.0000,0.0694,0.5000,0.1527,0.1498,0.1895,0.5000,0.5000,0.8881,0.1348,0.1979,0.0000,0.3926,0.2088
60.0000,3254893953763464168,0.1262,0.0000,0.0000,0.1196,0.5000,0.1079,0.0822,0.1895,0.5000,0.5000,0.2253,0.7602,0.1297,0.0000,0.4416,0.1350
60.0000,5986147937384115050,0.0690,0.0000,0.0000,0.1485,0.0000,0.2280,0.2141,0.1895,0.5000,0.5000,0.7864,0.4081,0.6252,0.0000,0.4156,0.2215
60.0000,8770424912445682149,0.0208,0.0929,0.0326,0.1279,0.5000,0.1127,0.0842,0.4000,0.1613,0.5000,0.7394,0.2408,0.0194,0.0000,0.3643,0.1132
60.0000,12357054704183273169,0.0841,0.0626,0.0000,0.1224,0.0000,0.0302,0.0101,0.1895,0.5000,0.5000,0.6742,0.4393,0.3595,0.0000,0.3694,0.0285
60.0000,4023455165771522388,0.0211,0.1765,0.0000,0.1586,0.0000,0.1919,0.1684,0.4000,0.1613,0.5000,0.3392,0.6768,0.1295,0.0000,0.3523,0.2215
60.0000,9076066650548396895,0.0639,0.0838,0.0704,0.0713,0.0000,0.1274,0.1132,0.1895,0.5000,0.5000,0.6801,0.5034,0.2677,0.0000,0.4286,0.1250
60.0000,12539946376176873924,0.0279,0.2358,0.0000,0.1102,0.0000,0.1763,0.1694,0.1895,0.5000,0.5000,0.1513,0.5954,0.3696,0.0000,0.3923,0.2215
60.0000,18425027896936304582,0.0507,0.0348,0.0810,0.0722,0.0000,0.0517,0.0472,0.4000,0.1613,0.5000,0.1126,0.6607,0.5917,0.0000,0.3515,0.1132
60.0000,9103895213482044160,0.1314,0.0000,0.0000,0.0979,0.5000,0.1583,0.1376,0.4000,0.1613,0.5000,0.7743,0.2887,0.1927,0.0000,0.3586,0.2215
60.0000,16862593802126570748,0.0704,0.0907,0.0585,0.0933,0.5000,0.0928,0.0831,0.4000,0.1613,0.5000,0.5541,0.1853,0.6821,0.0000,0.4037,0.1368
60.0000,726316681498852824,0.0704,0.0907,0.0585,0.0933,0.5000,0.0520,0.0424,0.4000,0.1613,0.5000,0.5913,0.2466,0.7826,0.0000,0.4037,0.1132
60.0000,4349317080336766305,0.0507,0.0348,0.0810,0.0722,0.0000,0.1173,0.1127,0.4000,0.1613,0.5000,0.1644,0.7048,0.5720,0.0000,0.3515,0.1241
60.0000,2163152464723584429,0.1075,0.0000,0.0000,0.0446,0.5000,0.0830,0.0710,0.4000,0.1613,0.5000,0.2853,0.7227,0.4043,0.0000,0.4176,0.1359
60.0000,17768959739715948274,0.0507,0.0000,0.0000,0.0877,0.0000,0.0314,0.0239,0.1895,0.5000,0.5000,0.5587,0.3320,0.1208,0.0000,0.4095,0.0394
60.0000,7289928797564825362,0.0487,0.0502,0.0548,0.1351,0.0000,0.2171,0.2065,0.4000,0.1613,0.5000,0.1922,0.1483,0.7067,0.0000,0.3532,0.2215
60.0000,15421470275965505002,0.0270,0.0000,0.0000,0.0420,0.5000,0.1591,0.1458,0.1895,0.5000,0.5000,0.2696,0.0956,0.6677,0.0000,0.4049,0.2215
60.0000,735340715472110071,0.0686,0.0000,0.0000,0.0602,0.0000,0.0894,0.0852,0.1895,0.5000,0.5000,0.3254,0.5251,0.8803,0.0000,0.4107,0.1368
60.0000,14472457567868091866,0.0690,0.0000,0.0000,0.1485,0.0000,0.1692,0.1553,0.1895,0.5000,0.5000,0.9166,0.4148,0.6128,0.0000,0.4156,0.2215
60.0000,5840974887165781178,0.0861,0.1367,0.0000,0.0661,0.0000,0.2049,0.1881,0.4000,0.1613,0.5000,0.6189,0.8412,0.9590,0.0000,0.3506,0.2215
60.0000,8786468783303921990,0.0989,0.1133,0.0000,0.0829,0.0000,0.0839,0.0619,0.1895,0.5000,0.5000,0.5894,0.7579,0.4085,0.0000,0.3784,0.1241
60.0000,10053815016773587803,0.0340,0.1878,0.0000,0.0346,0.0000,0.0798,0.0759,0.4000,0.1613,0.5000,0.4559,0.5134,0.3438,0.0000,0.4325,0.1350
60.0000,8460384528552580999,0.0340,0.1878,0.0000,0.0346,0.0000,0.1385,0.1345,0.4000,0.1613,0.5000,0.5910,0.4858,0.2922,0.0000,0.4325,0.2197
60.0000,74176077664148025,0.1314,0.0000,0.0000,0.0843,0.5000,0.0895,0.0705,0.4000,0.1613,0.5000,0.7525,0.2414,0.1624,0.0000,0.3586,0.1350
60.0000,4947878086179041299,0.0214,0.0592,0.0396,0.0950,0.5000,0.0710,0.0681,0.1895,0.5000,0.5000,0.8602,0.6199,0.3171,0.0000,0.4435,0.1359
60.0000,15949713210264697939,0.0487,0.0502,0.0548,0.1351,0.0000,0.1841,0.1735,0.4000,0.1613,0.5000,0.2202,0.0890,0.7114,0.0000,0.3532,0.2215
60.0000,10229967249737956886,0.0298,0.0933,0.0796,0.0791,0.0000,0.0530,0.0466,0.1895,0.5000,0.5000,0.6374,0.6947,0.4732,0.0000,0.3904,0.1132
60.0000,4372305529327001058,0.1262,0.0000,0.0000,0.1196,0.5000,0.1088,0.0831,0.1895,0.5000,0.5000,0.3356,0.7391,0.1130,0.0000,0.4416,0.1368
60.0000,15336423667210253102,0.0972,0.2223,0.0000,0.1092,0.0000,0.0917,0.0549,0.1895,0.5000,0.5000,0.8091,0.3866,0.3034,0.0000,0.4186,0.1250
60.0000,18319962681268159369,0.0730,0.1240,0.0000,0.1570,0.5000,0.0816,0.0559,0.4000,0.1613,0.5000,0.3725,0.2224,0.2146,0.0000,0.3651,0.1368
60.0000,5414887667529086049,0.0330,0.0000,0.0000,0.0694,0.5000,0.0314,0.0284,0.1895,0.5000,0.5000,0.8862,0.1456,0.1162,0.0000,0.3926,0.0513
60.0000,13506843277690578056,0.0861,0.1367,0.0000,0.0661,0.0000,0.1600,0.1432,0.4000,0.1613,0.5000,0.5869,0.7827,0.8398,0.0000,0.3506,0.2215
60.0000,3318345823721130848,0.0730,0.1240,0.0000,0.1570,0.0000,0.0746,0.0489,0.4000,0.1613,0.5000,0.5085,0.0912,0.2293,0.0000,0.3651,0.1250
60.0000,1843151072367053517,0.0286,0.0804,0.0776,0.1400,0.0000,0.0319,0.0239,0.1895,0.5000,0.5000,0.2893,0.5020,0.0598,0.0000,0.3856,0.0394
60.0000,3241501212514131307,0.0901,0.0000,0.0000,0.1508,0.5000,0.1990,0.1729,0.4000,0.1613,0.5000,0.1204,0.4764,0.5530,0.0000,0.4018,0.2097
60.0000,5201889389250202069,0.0439,0.1077,0.0361,0.0330,0.0000,0.0215,0.0181,0.1895,0.5000,0.5000,0.6508,0.6387,0.5205,0.0000,0.3852,0.0403
60.0000,5365575747342619256,0.0507,0.0000,0.0000,0.0877,0.0000,0.0318,0.0244,0.1895,0.5000,0.5000,0.5302,0.4431,0.1112,0.0000,0.4095,0.0403
60.0000,5560302151285986623,0.0310,0.0000,0.0000,0.1477,0.0000,0.1122,0.1093,0.4000,0.1613,0.5000,0.7401,0.6670,0.3360,0.0000,0.4381,0.2215
60.0000,12086566869625219387,0.0480,0.1103,0.0416,0.1177,0.0000,0.1052,0.0954,0.4000,0.1613,0.5000,0.5637,0.7168,0.3576,0.0000,0.4479,0.1368
60.0000,18106669112102325684,0.0322,0.0000,0.0000,0.1140,0.0000,0.1175,0.1145,0.4000,0.1613,0.5000,0.3235,0.2387,0.6384,0.0000,0.4477,0.1368
60.0000,11418883651445630460,0.0200,0.0000,0.0000,0.0594,0.0000,0.1665,0.1636,0.1895,0.5000,0.5000,0.1908,0.2735,0.4127,0.0000,0.4033,0.2215
60.0000,13324331173647930256,0.0218,0.0000,0.0000,0.1178,0.0000,0.1296,0.1266,0.4000,0.1613,0.5000,0.8844,0.6677,0.1963,0.0000,0.3833,0.1368
60.0000,10350457717093711889,0.0583,0.0227,0.0300,0.1420,0.0000,0.0922,0.0890,0.4000,0.1613,0.5000,0.4760,0.5544,0.6855,0.0000,0.3704,0.2215
60.0000,8093222757513163372,0.0306,0.0000,0.0000,0.0754,0.0000,0.0999,0.0969,0.4000,0.1613,0.5000,0.6800,0.6761,0.8604,0.0000,0.4425,0.1132
60.0000,12877167871130747076,0.0345,0.0726,0.0000,0.0490,0.5000,0.1090,0.1060,0.1895,0.5000,0.5000,0.2505,0.1846,0.5661,0.0000,0.4384,0.1368
60.0000,15914815782553524009,0.0298,0.0000,0.0000,0.0450,0.0000,0.1149,0.1120,0.4000,0.1613,0.5000,0.4116,0.2827,0.4009,0.0000,0.3507,0.1132
60.0000,7909757117789343343,0.0227,0.0539,0.0282,0.1255,0.0000,0.0811,0.0781,0.1895,0.5000,0.5000,0.2718,0.3745,0.3789,0.0000,0.3638,0.1250
60.0000,10784612581023157504,0.0483,0.0000,0.0000,0.1068,0.5000,0.2710,0.2680,0.4000,0.1613,0.5000,0.1550,0.4179,0.6589,0.0000,0.3916,0.3062
60.0000,13773384974338308002,0.0103,0.1052,0.0000,0.1285,0.0000,0.2037,0.1987,0.4000,0.1613,0.5000,0.2865,0.8311,0.4305,0.0000,0.3883,0.2097
60.0000,7667272260437603401,0.0220,0.1548,0.0000,0.0640,0.5000,0.1583,0.1553,0.1895,0.5000,0.5000,0.3425,0.7207,0.8813,0.0000,0.4092,0.2215
